Year,Q_Cu,Q_Co,Q_Li,Q_Ni,P_Cu,P_Co,P_Li,P_Ni,QR_Cu,QR_Ni,QR_Ni_c,PL_Cu,P_Bar,P_Cof,P_Cot,Y,Y_F,R_Equ,Y_IP,S_Cu
1840,41312.33333, , , ,16788.84054,#N/A,"",68382.1957,37900,,,14161.33107,,,,"879,793",,,,
1841,44526.66667, , , ,17082.60002,#N/A,"",84720.75926,41100,,,14830.59603,,,,"883,169",,,,
1842,45041, , , ,16779.15439,#N/A,"",108915.4996,41600,,,13664.54685,,,,"875,209",,,,
1843,46355.33333, , , ,17085.91345,#N/A,"",140045.6444,42900,,,14192.21434,,,,"888,671",,,,
1844,47069.66667, , , ,17293.41156,#N/A,"",158320.2887,43600,,,14332.5729,,,,"903,579",,,,
1845,49384, , , ,17365.81037,#N/A,"",176196.0323,45900,,,14892.64568,,,,"901,973",,,,
1846,50198.33333, , , ,18340.7683,#N/A,"",193685.7949,46700,,,15289.96786,,,,"908,728",,,,
1847,49012.66667, , , ,16910.77882,#N/A,"",197857.9653,45500,,,14771.31563,,,,"933,745",,,,
1848,52827, , , ,16389.18089,#N/A,"",225176.6519,49300,,,14262.73807,,,,"920,578",,,,
1849,51241.33333, , , ,17049.1649,#N/A,"",251861.8367,47700,,,13783.11691,,,,"931,210",,,,
1850,56655.66667, , ,100,16688.22853,#N/A,"",231980.7136,53100,,0,14130.53613,116.8384226,138.9906694,134.8133835,"935,889",,,,
1851,51370, , ,100,12864.11134,#N/A,"",222117.651,47800,,0,14492.51367,126.4721324,120.2754219,111.4911274,"948,336",,,,
1852,58684.33333, , ,100,16866.47397,#N/A,"",205031.9874,55100,,0,16288.57477,143.7136162,112.3801728,110.3003009,"973,927",,,,
1853,53898.66667, , ,103,16866.47397,#N/A,"",190318.742,50300,,0.03,19488.96922,166.8283937,115.685472,107.0561744,"979,975",,,,
1854,66113, , ,90.5,15519.64251,#N/A,"",161582.9446,62500,,-0.121359223,19376.11617,166.4530656,123.1751825,86.56716418,"1,004,247",,,,
1855,72427.33333, , ,123,18502.04636,#N/A,"",143804.6493,68800,,0.359116022,18830.38613,156.7455104,116.6932332,92.78666334,"1,014,510",,,,
1856,79741.66667, , ,234,18862.18352,#N/A,"",133197.1719,76100,,0.902439024,18258.22848,188.184438,129.5058045,112.3288666,"1,049,734",,,,
1857,78156, , ,145,16969.29611,#N/A,"",116392.263,74500,,-0.38034188,18509.46699,187.2946771,128.7582038,126.3752161,"1,079,216",,,,
1858,75970.33333, , ,131,16550.87048,#N/A,"",109583.5008,72300,,-0.096551724,16793.06814,164.1307881,128.7472026,133.9767329,"1,106,955",,,,
1859,77284.66667, , ,122,15673.68362,#N/A,"",94823.09285,73600,,-0.06870229,16908.96088,156.8981915,138.2197388,120.5881264,"1,110,648",,,,
1860,88499, , ,243,15852.07276,#N/A,"",81150.3623,84800,,0.991803279,16222.69433,171.3739175,147.4343881,120.5881264,"1,148,110",,,,
1861,89113.33333, , ,262,12859.91248,#N/A,"",63684.97799,85400,,0.0781893,14220.93438,159.097382,159.4400474,143.6855535,"1,127,053",,,,
1862,96227.66667, , ,292,15165.73131,#N/A,"",62567.19056,92500,,0.114503817,14238.25038,135.4927954,223.4450059,256.691925,"1,139,197",,,,
1863,90742, , ,379,15512.00791,#N/A,"",55562.07921,87000,,0.297945205,13964.18051,102.395838,245.1258229,307.4749506,"1,145,989",,,,
1864,100856.3333, , ,379.9,17438.4179,#N/A,"",48742.67236,97100,,0.00237467,16725.85308,71.93760987,104.8461306,274.4151861,"1,148,460",,,,
1865,99270.66667, , ,321,13183.21764,#N/A,"",57076.63331,95500,,-0.1550408,11490.19374,71.26934386,100.3437761,178.5070846,"1,140,968",,,,
1866,94985, , ,525,11846.74341,#N/A,"",41804.46914,91200,,0.635514019,10138.63546,91.70781581,89.27851529,151.5696372,"1,140,664",,,,
1867,107599.3333, , ,300,10061.30776,#N/A,"",44865.46583,103800,,-0.428571429,9415.680432,104.9843448,83.73078894,118.6119611,"1,112,735",,,,
1868,110313.6667, , ,300,9845.085498,#N/A,"",46688.73585,106500,,0,9704.05224,117.4445695,75.4558071,119.9055521,"1,127,769",,,,
1869,120428, , ,300,10161.24651,#N/A,"",48703.31416,116600,,0,9439.548646,112.5402771,78.71165949,143.4733976,"1,127,857",,,,
1870,108642.3333, , ,400,9362.650419,#N/A,"",50859.3502,104800,,0.333333333,7877.430397,103.2411067,88.06728023,124.8539909,"1,119,303",,,,
1871,105656.6667, , ,400,10973.12723,#N/A,"",60058.61655,101800,,0,8804.60068,130.2364865,108.7287105,95.42910448,"1,137,342",,,,
1872,116271, , ,400,16005.07132,#N/A,"",90197.9223,112400,,0,11295.54819,124.6621622,140.0927616,123.1343284,"1,169,747",,0.132911399,,
1873,107085.3333, , ,400,14355.93469,#N/A,"",173349.9379,103200,,0,11255.97191,166.0344828,172.8699975,103.6875965,"1,189,061",,-0.063116372,,
1874,119299.6667, , ,500,12093.40201,#N/A,"",120327.663,115400,,0.25,10897.84095,174.2753623,187.2449002,93.54044992,"1,217,447",,0.101809956,,
1875,126314, , ,500,12143.37622,#N/A,"",85192.62406,122400,,0,11851.69453,160.9022556,175.6701288,91.34777242,"1,244,493",,0.028634362,,
1876,137628.3333, , ,1000,11606.51085,#N/A,"",119080.9913,133700,,1,10938.75621,131.8575553,184.241566,84.19117119,"1,242,012",,-0.112128146,,
1877,147242.6667, , ,900,10537.26395,#N/A,"",74421.14286,143300,,-0.1,9583.692421,124.729064,197.8502711,99.34857731,"1,263,146",,-0.039106146,,
1878,149557, , ,300,9798.347698,#N/A,"",53872.59566,145600,,-0.666666667,8750.015964,120.7859359,169.4736734,99.25450308,"1,279,492",,0.116923071,,
1879,155871.3333, , ,300,10169.52988,#N/A,"",53872.59566,152000,,0,8075.658999,123.8883144,149.3423276,100.5108892,"1,291,454",109.2795837,0.484057963,,
1880,157885.6667, , ,600,11661.66542,#N/A,"",52567.9112,154000,,1,8647.981709,133.8042381,145.1010227,102.9805564,"1,342,827",116.8376058,0.239837393,,
1881,167400, , ,700,10502.54298,#N/A,"",52567.9112,163000,,0.166666667,8372.773103,165.2875883,118.3707913,85.81713029,"1,367,988",114.3184741,0.083904117,,
1882,181600, , ,1000,10719.91129,#N/A,"",52567.9112,182000,,0.428571429,9198.744325,127.346115,103.7815809,84.59117129,"1,404,442",110.7516698,0.024958404,,67243.96672
1883,203000, , ,800,9388.330641,#N/A,"",44261.80227,203000,,-0.2,8834.667701,121.3182286,105.3837859,77.57504957,"1,428,152",100.3195093,-0.02910959,,63801.65703
1884,220200, , ,1000,8378.169491,#N/A,"",31771.80231,224000,,0.25,7982.838177,101.5772871,110.4202219,80.48401525,"1,444,947",91.4305791,-0.129213482,,62853.34736
1885,229600, , ,700,6854.490691,#N/A,"",42620.47747,229000,,-0.3,6546.503167,119.527897,91.97429461,88.64262379,"1,460,158",90.53926156,0.253456235,,58588.90217
1886,219200, , ,300,6926.266419,#N/A,"",43555.13706,221000,,-0.571428571,6012.057779,116.4473684,107.7902345,75.93283582,"1,479,285",86.65989338,0.126923069,,69920.38732
1887,227200, , ,900,7006.807102,#N/A,"",34748.70065,227000,,2,6205.345414,112.7982646,193.6633772,75.10926927,"1,522,625",93.85764186,-0.021276595,,79947.04033
1888,267400, , ,700,10380.53867,#N/A,"",31076.07375,262000,,-0.222222222,10699.04235,128.1995662,171.0637226,81.69780166,"1,547,126",104.5528396,0.018975332,,71791.07902
1889,264000, , ,2200,8851.735832,#N/A,"",33581.28924,266000,,2.142857143,7722.516538,93.04932735,204.2809089,89.89358142,"1,580,313",104.4720933,0.077821009,,103960.5867
1890,276900, , ,2800,10254.17033,#N/A,"",35438.63946,281000,,0.272727273,8703.169356,140.8163265,213.7907745,86.7803838,"1,616,466",89.57230588,-0.093984969,,144027.1279
1891,287200, , ,6200,8219.6971,#N/A,"",32485.4195,289000,,1.214285714,7991.06576,118.3673469,201.1598097,71.62825329,"1,619,040",88.97234454,0.223913044,,117834.0098
1892,319500, , ,3700,7519.783971,#N/A,"",44298.29932,307000,,-0.403225806,7079.380583,105.6689342,190.4000989,66.11838765,"1,665,155",80.01366127,0.062846579,,98958.47946
1893,303800, , ,5100,7079.097851,#N/A,"",30318.93463,305000,,0.378378378,6863.326714,92.20183486,214.7661871,62.69683692,"1,675,907",74.63260574,-0.154264972,,86553.34046
1894,320600, , ,5100,6582.434082,#N/A,"",24111.02254,330000,,0,6500.804574,104.7961631,219.0452626,61.18329217,"1,708,398",71.22313433,0.022675736,,76669.10718
1895,334600, , ,4400,7590.545152,#N/A,"",14815.65872,354000,,-0.137254902,7199.052157,80.58968059,205.5454177,65.67164179,"1,758,777",72.02406404,0.048837207,,81655.74308
1896,383500, , ,4600,7675.343199,#N/A,"",24351.43907,398000,,0.045454545,7773.030885,72.72727273,186.6636253,73.88059701,"1,769,880",82.57197903,0.018518519,,91678.0088
1897,412300, , ,5300,8063.67893,#N/A,"",24719.11219,426000,,0.152173913,8107.194632,85.32338308,95.4549031,73.2884087,"1,839,584",80.61111845,0.168246448,,76733.96486
1898,436200, , ,6900,8592.078301,#N/A,"",24654.31766,456000,,0.301886792,8566.508647,96.76616915,76.97976056,60.44404841,"1,904,811",91.89502436,0.231578946,,62822.28651
1899,471000, , ,8300,12577.58968,#N/A,"",22678.08458,491000,,0.202898551,12120.61052,96.51741294,75.44016535,66.48845326,"1,954,192",84.8461559,0.102654867,,52159.06756
1900,494700,200, ,9290,11423.73686,157756.3661,"",35199.18919,502000,,0.119277108,12016.84382,100,100,100,"1,983,417",100,0.191029891,,61378.15803
1901,526100,180, ,11400,11221.87743,176705.0558,"",39197.54369,529000,,0.227125942,11134.68551,110.1941748,77.70516402,99.36784631,"2,049,529",65.57882708,0.203784555,,69248.37234
1902,557900,540, ,12200,7995.364988,174898.6091,"",30982.03933,539000,,0.070175439,8479.619087,108.6330935,68.63995422,101.3933997,"2,080,925",58.36068062,0.054088049,,94189.84564
1903,595400,640, ,10200,8886.041501,184744.1618,"",26932.95053,591000,,-0.163934426,9171.264101,104.8065651,65.97914521,120.8715975,"2,141,260",59.42256795,-0.140372664,,103034.4236
1904,659400,540, ,10500,8511.43314,187432.6234,"",26620.86535,648000,,0.029411765,9054.716107,95.48088065,90.30598292,114.7521172,"2,165,333",58.29689226,0.30289194,,105426.8345
1905,706400,450, ,15600,10504.46143,185049.524,"",26932.95053,694000,,0.485714286,10861.4501,92.37983587,96.10510683,108.177833,"2,227,053",63.11729281,0.196363643,,112616.0653
1906,723600,450, ,16000,12695.12041,177432.9771,"",26346.10872,721000,,0.025641026,13158.54648,95.87155963,91.2761027,116.6995156,"2,333,039",62.55723427,0.073375262,,92561.64267
1907,720800,910, ,16300,12609.1146,133811.0121,"",28363.35982,712000,,0.01875,12815.03882,145.9934138,71.07244697,113.17615,"2,386,453",63.32989458,-0.28760162,,73852.98633
1908,743800,1360, ,14900,8497.526233,6716.257848,"",28967.51211,758000,,-0.085889571,8892.487382,126.9058296,70.11620369,110.5379846,"2,359,760",52.33471335,0.435312033,,72654.76863
1909,827400,1450, ,17000,8534.805669,86234.02268,"",26047.4,849000,,0.140939597,8817.923325,126.7573696,88.70679794,127.707108,"2,485,112",55.25539518,0.18936877,,93696.7331
1910,858100,1000, ,23100,8031.988708,35917.69598,"",24944.41564,888000,,0.358823529,8278.160116,131.8132465,104.5013706,144.3558483,"2,517,792",59.56660427,-0.075728156,,147079.2554
1911,893800,820, ,25200,7834.017155,8484.495114,"",24944.41564,893000,,0.090909091,8078.900225,179.1530945,144.669393,125.7326434,"2,600,892",66.94512045,0.058563538,,165603.1197
1912,1018600,860, ,27900,10058.73,8867.2,"",24440.22,1020000,,0.107142857,10322.14355,108.2978723,153.7460743,111.6213542,"2,677,700",90.17042456,0.082327105,,136057.7378
1913,1005900,820, ,32200,9279.38625,37714.46458,"",25124.88792,1022000,,0.154121864,9603.446426,109.375,112.6859244,120.1256867,"2,745,081",65.60604795,-0.091684438,,76219.8811
1914,931500,360, ,30000,7876.045614,66395.33333,"",24300.15439,962000,,-0.068322981,8434.018997,110.629515,82.58191696,103.1386762,"2,638,913",71.97196628,-0.033582088,,60184.95823
1915,1057100,230, ,39100,10295.94353,85041.8193,"",24175.41027,1092000,,0.303333333,10493.52407,106.7761807,75.93068608,97.05080776,"2,681,586",173.3424445,0.348299325,,87014.93755
1916,1377400,410, ,45500,15349.36071,78827.65789,"",22669.0718,1421000,,0.163682864,15851.7389,151.1278195,86.83455903,133.0598052,"2,825,426",199.2316038,0.092827007,,89525.0843
1917,1428800,360, ,46200,13084.65335,79036.18253,"",18814.26864,1457000,,0.015384615,12996.99358,191.8876755,71.14169238,172.5078256,"2,782,927",218.6219071,-0.235714287,,61890.35567
1918,1427900,450, ,47600,9408.888181,67453.42629,"",15635.3583,1460000,,0.03030303,10401.34619,126.2948207,64.13835063,182.0027717,"2,774,117",184.1532306,0.245588228,,78033.90946
1919,993700,360, ,23100,6037.576532,71818.55376,"",13279.65711,982000,,-0.514705882,6609.042786,143.3526012,102.1463933,175.9396721,"2,742,141",74.84689193,0.196202531,,135593.754
1920,959000,360, ,35700,5017.113972,79935.88323,"",12035.87445,946000,,0.545454545,5179.554321,84.73053892,59.29334559,119.6089869,"2,758,874",60.38976192,-0.179372191,,293359.1287
1921,558000,180, ,10400,4059.902011,93857.94972,"",13474.80022,557000,,-0.708683473,4137.521854,53.51955307,39.79972316,87.92520082,"2,775,256",24.81864502,0.140969157,,295572.4237
1922,884000,820, ,11800,4644.110078,102356.8074,"",13015.93393,866000,,0.134615385,4702.290257,59.5110316,60.92970541,118.3907332,"2,931,135",35.85706741,0.270861834,,343222.5727
1923,1270000,640, ,31100,4959.229643,90792.05038,"",12115.7795,1223000,,1.63559322,4985.406166,63.97188049,66.67047951,148.1100741,"3,014,063",44.61748337,0.034168564,,204045.2479
1924,1360000,1090, ,35300,4463.092515,88500.23041,"",10068.61485,1352000,,0.135048232,4523.295471,86.78362573,97.48248697,143.6195354,"3,161,447",49.47199174,0.252631575,,144860.5523
1925,1530000,1090,3730,37100,4680.508272,80980.22248,"",10817.17467,1395000,,0.050991501,4732.417061,70.05134056,114.9522034,113.2579918,"3,274,821",45.77662025,0.285433054,,169357.8812
1926,1510000,820,4530,33900,4561.974011,77406.39774,"",11684.53989,1453000,,-0.086253369,4624.327711,65.42372881,101.7308847,87.13221137,"3,369,892",61.60240956,0.138041735,,149166.6685
1927,1520000,1180,5260,34500,4318.739896,76777.59816,"",11576.62222,1500000,,0.017699115,4468.069199,79.33218192,103.3310361,88.7875729,"3,466,076",46.70185502,0.351371378,,128545.283
1928,1730000,1180,5970,50300,4972.270753,78157.40572,"",12407.8683,1695000,,0.457971014,5058.954462,66.31640397,133.3026652,101.3868602,"3,573,948",47.87958849,0.374570459,,119881.1185
1929,1950000,1360,3140,56300,6158.316988,75116.26153,"",11738.81658,2059000,,0.119284294,6207.094932,62.93053123,129.4077859,91.09434587,"3,700,348",51.38913588,-0.033693302,,74355.88523
1930,1610000,1270,3030,54200,4554.395689,77830.25509,"",12041.07353,1800000,,-0.037300178,4636.711536,48.50299401,77.27200708,68.79608646,"3,606,108",40.98874783,-0.229439259,,101834.0574
1931,1400000,910,679,36300,3163.99803,61911.74524,"",13203.27827,1567000,,-0.330258303,3256.879997,43.07288247,56.52479766,46.02305555,"3,473,223",46.61664592,-0.402965814,,304248.3673
1932,909000,1090,690,21800,2440.751977,57205.12445,"",14720.78536,1121000,,-0.399449036,2394.912994,32.35724744,77.4779312,43.3860414,"3,361,551",49.0121186,-0.132701427,,426491.8664
1933,1050000,1270,738,46300,3215.728395,51250.6713,"",15515.88951,1173000,,1.123853211,3076.913848,66.97530864,70.12167171,62.80864198,"3,434,842",49.7906087,0.526392996,,548120.6359
1934,1280000,1450,1200,71600,3715.499178,45714.25691,"",15017.61972,1507000,,0.546436285,3237.899241,102.4645258,82.20182836,78.36002463,"3,561,669",52.37765065,-0.026078233,,520887.7764
1935,1500000,2000,1540,78300,3718.346977,47997.02986,"",14645.73401,1764000,,0.093575419,3267.87497,55.20757465,63.86042236,79.07157589,"3,753,786",53.31631522,0.458963275,,401316.2907
1936,1720000,2720,2060,95400,4021.748629,52245.14574,12169.74204,14508.36421,2007000,,0.218390805,3942.65272,112.8427128,67.5033632,79.29781291,"3,995,006",61.51698318,0.363496929,,359281.7946
1937,2290000,3800,3280,122000,5350.963092,56956.01393,11635.88571,14003.19833,2564000,,0.278825996,5301.782847,75.48746518,75.88776299,67.39504313,"4,146,302",83.78169828,-0.307151228,,271348.5127
1938,1990000,4500,2510,117000,4159.449965,56013.92619,11746.62974,14271.53499,2196000,,-0.040983607,4078.769517,52.23562811,54.05825832,55.86728886,"4,194,939",59.6925956,0.197822139,,168320.5756
1939,2130000,4500,3060,126000,4631.899064,58133.14615,11801.92276,14477.02865,2348000,,0.076923077,3985.037356,58.31533477,52.68297514,60.56940283,"4,418,849",90.51196808,0.023640661,,328113.1853
1940,2400000,5000,3440,151000,4715.637634,48641.61654,11571.44699,14332.56793,2582000,,0.198412698,4338.824061,56.59301497,50.70151494,66.72643377,"4,523,114",188.6515733,-0.094583675,,296755.1504
1941,2480000,4000,4400,176000,4686.056348,45976.4019,10914.19521,13651.45472,2804000,,0.165562914,4350.930589,71.82620502,76.13564849,88.11245144,"4,612,734",220.7279143,-0.100664765,,256370.8574
1942,2590000,3500,6990,170000,4234.7,35475.6,9765.93801,11265.9,2941000,,-0.034090909,3935.026634,77.54601227,81.40850537,102.9341691,"4,838,232",238.2200166,0.154109597,,243759.8651
1943,2620000,4200,9180,180000,3989.919653,43964.39769,9110.02796,10614.69191,3023000,,0.058823529,3707.568447,114.566474,76.70281141,101.4429433,"5,120,843",251.8236613,0.269957989,,231633.6378
1944,2460000,3900,15600,170000,3921.909659,62158.56818,8864.896469,10433.75966,2808000,,-0.055555556,3644.371258,114.7727273,75.39537713,103.3070924,"5,193,494",243.4090803,0.196864113,,225036.3268
1945,2110000,4700,2830,159000,3834.756111,52963.04667,8580.048444,10201.89833,2302000,,-0.064705882,3559.076421,112.2222222,74.77437596,113.068864,"4,805,846",184.6992794,0.373282433,,353571.3524
1946,1780000,3500,4540,141000,4132.392016,45323.00921,7822.905125,10290.98915,2089000,,-0.113207547,4082.403403,141.2487206,94.56912371,133.5561348,"4,425,314",163.1545948,-0.085978068,,362831.2026
1947,2130000,5000,5350,163000,5601.206144,34873.18111,6936.188,9219.895828,2688000,,0.156028369,6183.154014,154.8791406,114.7333367,133.0085684,"4,518,890",142.985723,0.048909448,,239804.7521
1948,2210000,6100,5450,178000,5321.977076,32883.7608,6216.650931,8588.719103,2840000,,0.09202454,5749.897078,96.34551495,111.113814,117.2097032,"4,807,951",121.7147492,0.072521627,,198947.4924
1949,2140000,5900,6270,173000,4696.176939,38770.7631,6210.29973,9632.623396,2730000,,-0.028089888,5273.010637,88.88888889,136.5302963,114.3424607,"4,999,852",105.1276878,0.163923621,,210298.103
1950,2380000,7170,18000,172000,5148.904651,39698.48754,6085.313236,10730.49037,3187000,,-0.005780347,5332.157807,98.8372093,209.55456,134.6588476,"5,166,678",112.0526764,0.282950431,,268658.4593
1951,2490000,8440,25200,166000,5414.009238,44314.66821,5579.408655,11930.87221,3230000,,-0.034883721,6089.124965,96.99769053,206.4614008,138.9184237,"5,471,671",218.3978252,0.25670886,,185420.1914
1952,2570000,10100,25500,185000,5297.776271,49053.48399,5400.065198,12361.47797,3240000,,0.114457831,6994.917201,103.2015066,200.9690052,120.7778587,"5,720,684",140.4402577,0.172575817,,201378.4431
1953,2600000,11300,57800,198000,6231.901308,49368.34318,4211.18569,12853.29645,3405000,,0.07027027,6772.864964,87.47663551,216.0973767,109.0569164,"6,010,345",104.7683567,0.00921659,,203915.3831
1954,2640000,13100,93200,216000,6395.566964,53005.68378,4930.375403,13081.84152,3498000,,0.090909091,6659.599138,81.10119048,287.46804,107.691762,"6,214,146",114.7498092,0.470398724,,224345.3936
1955,2900000,13300,86000,239000,8043.763928,53106.34951,4791.324691,14200.59895,3832000,,0.106481481,9389.011964,68.70799104,208.422742,108.2549107,"6,614,193",157.7580115,0.344295114,,266195.1523
1956,3200000,14400,105000,259000,8874.132597,53378.96174,4720.812186,13704.11405,4081000,,0.083682008,8673.191472,72.84768212,212.5298467,103.330228,"6,922,234",194.5009381,0.061935201,,193893.6459
1957,3300000,14400,111000,286000,6153.293428,40806.05115,3680.752531,15082.5087,4141000,,0.104247104,5583.376512,63.01953819,198.3906528,97.19966922,"7,182,226",144.4330944,-0.093023255,,256394.1632
1958,3190000,12600,87800,224000,5223.890733,39269.24758,3353.622379,14680.9343,4092000,,-0.216783217,4916.108815,62.2406639,164.8933728,95.87077094,"7,404,931",77.58663523,0.369699985,17.24497667,363781.6156
1959,3430000,14800,62400,285000,6100.951372,35105.03498,3326.020549,14560.10357,4307000,,0.272321429,5871.414204,58.98491084,125.5804942,92.12427063,"7,751,157",77.42618927,0.138343617,18.89613833,376745.3505
1960,3940000,14200,87100,320000,6270.018974,29811.17016,3315.042663,14333.98447,4998000,,0.122807018,5968.88072,56.71843349,122.7944132,86.730686,"8,168,681",78.88126017,-0.0052489,20.22984667,301787.4582
1961,4090000,14400,57200,361000,5815.395455,28554.63636,2979.797132,14973.77273,5127000,,0.128125,5511.429319,57.80561566,117.8808157,88.17524773,"8,473,544",82.37564196,0.298591554,21.11854583,322427.255
1962,4220000,17100,47300,357000,5879.17191,27631.24719,2368.997538,15149.8427,5296000,,-0.011080332,5553.306828,62.54003877,108.3632597,84.21970933,"8,877,604",65.75428145,-0.097156398,22.62931667,388757.0715
1963,4290000,14500,49500,339000,5810.050359,27051.18615,2301.798205,14801.59242,5400000,,-0.027170868,5494.885609,65.27588861,103.6357419,82.75100314,"9,258,264",82.11172222,0.220466152,23.98417167,397518.957
1964,4450000,17800,64000,371000,5985.109958,26777.70093,2271.3845,14606.01869,5739000,,0.105960265,8140.365122,67.54551065,128.1606187,82.26052398,"9,931,725",82.00383266,0.165700421,25.85040167,417717.0307
1965,4660000,19000,68500,425000,6437.570342,28721.46768,1893.482298,14360.73384,6059000,,0.079146056,10670.2247,64.30189969,124.8342932,79.33286991,"10,445,979",88.19075033,0.124940455,27.62413167,340754.1105
1966,4580000,21800,66900,412000,6371.421935,27443.65619,1967.17919,13962.56192,6324000,,-0.030639324,12289.56882,66.54312261,112.6827781,75.30444743,"11,009,496",74.73170895,-0.082088739,29.58385833,327326.5777
1967,4630000,20500,65300,449000,6550.843114,34079.98144,1749.491509,15129.32814,6004000,,0.149328024,8849.66264,65.51530267,101.903924,79.49929372,"11,422,191",72.34799831,0.207672447,30.606575,324466.3778
1968,5010000,19600,63700,497000,6796.275632,33681.98276,1717.192567,15643.40977,6653000,,0.062148116,9295.871709,60.2771963,98.12027987,77.20142569,"12,060,937",72.62122148,0.149737671,32.71407,323121.9311
1969,5520000,20200,68000,487000,7458.35015,28909.98582,1659.193492,16479.40224,7212000,,-0.013251784,10422.79572,58.1208182,94.16107445,67.10755197,"12,727,229",68.81718433,-0.11483568,35.27714,317219.8676
1970,5900000,24200,73100,628000,8584.107106,32726.90834,1783.631735,19045.98764,7592000,,0.208264463,9494.156586,56.57163702,116.2673981,68.33921739,"13,366,184",96.84696827,0.022829548,36.22194667,315499.8467
1971,5940000,25100,73400,637000,7394.349543,30927.6707,1665.491234,18839.51666,7404000,,0.029411765,6953.367683,58.40497558,96.43032393,75.88063792,"13,913,052",63.10607155,0.135369241,36.99442583,317474.7863
1972,6540000,24800,69700,611000,7033.1092,32551.47001,1669.740951,19232.13047,8100000,,-0.03255814,6582.959091,59.88815682,104.4207117,77.55792988,"14,581,451",61.13433072,0.216597766,39.60707917,397443.0559
1973,6920000,29400,79300,710000,7676.511586,37972.36265,1653.387451,19747.97255,8544000,,0.103880495,10462.07934,95.69769323,121.6914352,122.7843992,"15,551,832",110.4801963,-0.164595738,43.18807,479781.1169
1974,7100000,30900,113000,770000,8976.399757,39707.36834,2124.83252,20276.10298,8759000,,0.100015555,10869.36406,109.7260032,115.8870273,116.0614014,"15,907,408",132.8216679,-0.254378557,43.25383167,321951.5125
1975,6740000,30800,122000,802000,6821.47734,44895.96434,1924.46478,22060.94799,8187000,,-0.033229638,5973.6306,91.31540884,105.4913328,89.1451157,"16,131,719",65.56368668,0.37736693,39.83781333,371048.613
1976,7260000,21400,75000,792000,6999.037935,43046.37057,1936.06618,22689.69161,8632000,,0.077226854,6407.779338,81.68170993,217.6461811,120.4543061,"16,931,477",65.14727564,0.226042837,42.91186833,891089.0439
1977,7420000,21500,74300,828000,6317.38624,51140.74575,1928.164211,21487.7083,8884000,,-0.028649016,5624.407647,65.8601668,335.8690379,105.456931,"17,616,899",55.50022562,-0.059312321,44.81326583,1327935.939
1978,7280000,26800,81900,658000,5790.973628,87863.04814,1948.894063,17971.98712,9030000,,-0.13111546,5450.837131,70.24589599,216.786169,96.68643042,"18,384,558",56.33067219,0.078448087,46.6172225,1491455.855
1979,7350000,29900,76000,686000,7286.237013,191308.5876,1876.02183,21033.17679,9200000,,0.082207207,7125.646674,74.94769391,207.6452027,92.33917148,"19,036,238",88.17260254,0.180418268,48.75807917,1361033.035
1980,7200000,31300,92800,779000,7050.947075,163151.9592,1945.120096,19698.38577,9261000,,0.103314999,6899.467647,79.15875188,165.7147615,98.23224327,"19,419,683",101.3570454,0.295547307,48.9891975,842554.6999
1981,7690000,30700,90200,726000,5328.072583,105702.0851,2060.344153,17101.39426,9573000,,-0.051468607,4989.911848,73.08805838,124.2436375,80.7608115,"19,791,765",81.55852706,-0.022996254,49.05128083,716554.4021
1982,7580000,24600,83600,621000,4345.732021,68290.07461,1941.420662,12983.21181,9319000,,-0.107386364,3996.026556,55.03663613,126.0105139,64.96368514,"19,995,089",51.9146688,0.181502417,47.92271333,651879.7428
1983,7610000,37900,93700,673000,4419.689357,38966.49197,1971.718146,12212.98775,9541000,,0.080840229,4163.203539,59.33149501,115.11723,73.05426094,"20,555,174",48.62125038,0.230200857,48.52562667,855723.9876
1984,7810000,40900,108000,773000,3685.243311,47632.39654,1971.287378,11958.2385,9440000,,0.10041225,3452.889138,63.16005155,120.8680078,67.42278903,"21,478,119",48.51738494,0.04641119,51.71175,1154958.63
1985,7990000,47400,122000,813000,3582.727881,57614.13755,1853.11467,12055.39517,9455000,,0.044286861,3431.147829,45.56618668,118.2539367,48.08582016,"22,199,600",41.56031668,0.308206677,53.5492175,946835.5007
1986,7940000,50200,132000,852000,3469.817883,38500.71898,1819.298709,9221.159854,9920000,,-0.016912236,3264.912462,36.17310927,154.2506865,37.82570093,"22,981,076",32.179316,0.239170283,54.60255833,706998.7307
1987,8240000,41200,139000,891000,4173.086972,33705.70246,1813.570097,11097.65986,10148000,,0.050045614,4087.11068,40.3600845,86.84512289,56.95260511,"23,849,233",39.9283096,0.004867257,56.79095333,605613.3588
1988,8720000,43800,154000,952000,5856.811834,35669.30516,1828.084539,30384.96365,10512000,,0.056100285,5728.383987,49.55996653,100.9968909,46.42775272,"24,874,210",50.72042483,0.18775934,59.99221,446878.8384
1989,9040000,42900,173000,987000,6070.724677,36340.32419,1850.929436,27937.9371,10908000,,0.00669879,5983.360858,50.51142308,75.82383628,52.9922885,"25,689,896",58.7362443,0.300759494,61.94270833,337737.0433
1990,9200000,42300,163000,974000,5400.799847,36271.05432,1857.445288,17657.22754,10804000,,0.001167406,5304.10859,50.97551309,59.42843473,54.62751833,"26,295,857",48.80644071,-0.02226047,63.195335,380094.9763
1991,9330000,33300,149000,1010000,4608.974596,48002.18355,1862.050949,15605.49075,10686000,,-0.018423507,4472.775572,47.91431048,54.17144261,48.33728199,"26,654,934",51.85176559,0.218889728,63.50056917,399115.6008
1992,9470000,28000,156000,1010000,4400.024091,88000.48182,1854.866456,12995.85175,11042000,,0.035875505,4235.083526,46.74483477,39.63422025,35.7598473,"27,192,948",37.98549537,0.153200686,64.23757833,588172.7464
1993,9490000,21900,127000,928000,3641.228235,56421.01176,1755.095774,9535.691765,11249000,,-0.08646789,3448.489493,41.17588702,42.52372992,34.77387822,"27,762,160",41.19131306,0.098452851,65.23339583,706227.6243
1994,9500000,18000,128000,932000,4306.081646,74170.05938,1792.573441,11143.08475,11124000,,0.044313332,4055.480876,40.8631649,87.90006075,46.68412429,"28,679,029",42.68115492,0.005172229,68.11814083,990425.6919
1995,10000000,24500,177000,1040000,5212.898294,99643.26903,1715.502417,14066.27966,11832000,,0.101694915,5017.381849,56.89160125,86.11549634,54.80078571,"29,816,688",52.15136658,0.380434543,71.2907675,878887.4191
1996,11000000,26200,214000,1060000,3984.305927,93631.18929,1666.300626,12450.95602,12677000,,0.045464266,3809.754591,63.57725521,67.62809534,44.35963578,"30,844,590",37.54039248,0.233626768,73.7335125,616383.4563
1997,11500000,27400,213000,1140000,3830.022679,75139.85171,1681.471648,11246.63439,13478000,,0.058521053,3694.944054,50.50298152,102.2740655,42.73496919,"32,026,893",38.89163877,0.315667659,77.92520667,595195.9167
1998,12100000,36300,178000,1180000,2764.54,70631.6,1655.682206,7398.74,14075000,,0.026907806,2643.185217,43.49689767,72.03431461,34.78689099,"32,650,212",27.95406384,0.253416032,79.7674175,652807.5833
1999,12800000,33900,188000,1170000,2610.993878,52688.91837,1616.2893,9396.45102,14578000,,-0.004014279,2459.119764,37.99623916,54.14894805,27.58863735,"33,804,754",28.76103691,0.214545608,82.57993917,901167.75
2000,13200000,39300,204000,1290000,2934.492218,44924.95819,1563.727046,13069.07875,14793000,,0.069407558,2743.098535,37.38788226,43.90475939,29.67894137,"35,442,468",40.82997471,-0.057031665,87.37304667,1331263.667
2001,13700000,46300,210000,1350000,2485.60734,34269.02428,2191.452626,8751.102767,15638000,,0.042999015,2321.304773,44.21515303,30.53569451,23.4486816,"36,435,566",32.0262214,-0.12792559,86.87539167,1075391.5
2002,13600000,53700,217000,1350000,2417.963202,24758.78488,2302.132629,9802.162201,15354000,,0.024176096,2257.939646,50.49174408,29.69902842,22.23614217,"37,698,745",30.53523571,-0.200606152,88.46915583,1188170.5
2003,13800000,54600,256000,1370000,2661.364783,29161.76304,2194.210326,13632.41641,15272000,,0.020710112,2518.594831,47.4516528,30.29533734,29.84386127,"39,411,100",53.50747084,0.221145928,91.375045,1765183.5
2004,14700000,60300,261000,1350000,4067.75172,59844.21175,2371.706088,19028.80466,15918000,,0.034419755,3951.767939,43.68250574,36.98594511,28.37596438,"41,475,456",89.07121212,0.127711356,96.02005833,1370598.417
2005,15000000,65200,342000,1460000,5108.11787,44812.73118,1947.219867,19605.56989,16572000,,0.02950048,4906.562831,40.58152517,51.06340648,24.45665816,"43,535,203",76.94852455,0.070946708,100.0011142,656230.0833
2006,15100000,70000,392000,1570000,8966.714087,39665.43552,2997.518254,31267.21627,17288000,,0.03694635,8685.226235,48.21906577,49.27099446,24.65776935,"45,977,043",68.07236197,0.14201273,105.3777833,462935.0833
2007,15500000,73700,378000,1740000,9082.79647,68592.07292,4434.615704,46733.06067,17895000,,0.087888616,8942.380582,69.30449407,51.73622625,26.40952154,"48,624,108",125.0530298,0.063914657,111.6544833,618028.5
2008,15600000,79900,449000,1630000,8517.124756,82751.60985,5371.595727,25527.17789,18191000,,-0.043203645,8415.354794,77.63517355,56.37039588,28.69163899,"50,082,831",119.0842453,-0.387548834,112.2711333,662186.0833
2009,16100000,81200,366000,1410000,6459.03645,41522.37718,5499.893819,17725.9271,18234000,,-0.025097172,6252.32199,49.85951183,58.2138679,25.28290395,"50,032,748",57.55201721,0.290840507,103.503575,626504.6667
2010,16100000,110000,481000,1710000,9173.391001,47422.76204,5196.196849,26040.71064,18981000,,0.05952828,9000.507759,60.54763099,78.02552566,41.09820119,"52,734,517",54.02512337,0.138583183,112.6392,924876.8333
2011,16100000,111000,610000,2340000,10363.87897,41802.90849,4481.364428,26517.63447,19601000,,0.159056868,10222.82311,76.78407384,104.6339868,58.07687174,"55,002,101",46.02174886,0.022730019,117.9450468,1091413.75
2012,16900000,96800,634000,2340000,9189.43947,34602.21035,4787.584514,19853.72725,20194000,,0.115133863,9033.271943,87.24094415,70.5194468,33.62745561,"56,927,174",36.09200187,0.169079557,118.5749012,1059184.083
2013,18300000,106000,582000,2570000,8374.719635,31195.55111,4908.54729,16771.80167,21058000,,0.078412284,8198.16847,72.61776644,51.98491983,33.5610251,"58,919,625",40.80990355,0.295635909,120.1362616,927463
2014,18400000,115000,587000,2790000,7712.901521,33668.30051,4962.223375,18594.58427,22490000,,-0.08279717,7551.599004,51.79874284,74.14,30.18,"61,040,732",37.64292742,0.158166364,123.0686792,1163943.917
2015,19100000,121000,604000,2350000,6209.166853,32089.85347,4989.312834,12967.8175,22838000,,0.002488581,6044.845923,42.76311396,58.71566875,25.84367952,"63,177,157",23.4178063,0.021029368,124.2506789,771215.5833
2016,20100000,113000,745180,2280000,5381.008392,28735.3983,4938.008891,10412.14446,23357000,,-0.00048844,5278.077734,38.11472205,62.57669653,28.34481882,"65,262,004",20.51976742,0.1342,125.9437662,963475
2017,20000000,120000,1353090,2090000,6686.107319,63182.43816,11157.70643,11054.63047,23548000,,0.117362159,6547.827759,34.60260031,55.64278341,30.85006348,"67,741,960",30.91475834,0.2508,129.811324,938078.3333
2018,21000000,148000,1862950,2400000,6830.78452,85596.339,12343.90359,13603.18922,24058000,,0.091706307,6769.039899,42.65883128,46.84554676,32.24519865,"70,180,670",35.14749855,-0.0563,133.0475611,1035700
2019,20400000,144000,1686460,2610000,6248.016458,37876.9238,9011.082288,14092.35962,24045000,,0.07134715,6087.12333,44.40225474,47.17256374,28.11701463,"72,145,729",34.32454882,0.2234,133.5943307,1052412
2020,20000000,140000,1608020,2500000,6172.88,35273.6,5600,14000,23818177,,0.005465901,5952.42,34.0061267,54.71202319,26.09822471,"69,909,212",27.78792293,0.0725,127.2896917,847473.1667